{"cameraMode":{"drawMode":0,"name":"Shaded","section":"Shading Mode"},"sceneLighting":false,"audioPlay":false,"sceneViewState":{"m_AlwaysRefresh":false,"showFog":true,"showSkybox":true,"showFlares":true,"showImageEffects":true,"showParticleSystems":true,"showVisualEffectGraphs":true,"m_FxEnabled":true},"in2DMode":false,"pivot":{"x":602.7957763671875,"y":375.31011962890627,"z":-44.17732238769531},"rotation":{"x":0.005998972803354263,"y":-0.011999756097793579,"z":0.00007194576755864546,"w":0.999911904335022},"size":454.17974853515627,"orthographic":false}